{"cameraMode":{"drawMode":0,"name":"Shaded","section":"Shading Mode"},"sceneLighting":false,"audioPlay":false,"sceneViewState":{"showFog":true,"showMaterialUpdate":false,"showSkybox":true,"showFlares":true,"showImageEffects":true,"showParticleSystems":true},"in2DMode":false,"pivot":{"x":-2.652212619781494,"y":8.064676284790039,"z":6.831906318664551},"rotation":{"x":0.7165844440460205,"y":-0.0020924785640090706,"z":0.002149761188775301,"w":0.697493851184845},"size":15.477712631225586,"orthographic":true}