{"cameraMode":{"drawMode":0,"name":"Shaded","section":"Shading Mode"},"sceneLighting":true,"audioPlay":false,"sceneViewState":{"showFog":true,"showMaterialUpdate":false,"showSkybox":true,"showFlares":true,"showImageEffects":true,"showParticleSystems":true},"in2DMode":false,"pivot":{"x":-1.0633468627929688,"y":-0.7353515625,"z":4.21502685546875},"rotation":{"x":0.6931843757629395,"y":-2.1562536645092224e-8,"z":-7.579542327107447e-9,"w":0.7207594513893127},"size":16.23105239868164,"orthographic":true}