{"cameraMode":{"drawMode":0,"name":"Shaded","section":"Shading Mode"},"sceneLighting":true,"audioPlay":false,"sceneViewState":{"showFog":true,"showMaterialUpdate":false,"showSkybox":true,"showFlares":true,"showImageEffects":true,"showParticleSystems":true},"in2DMode":false,"pivot":{"x":4.792660236358643,"y":41.91130065917969,"z":12.078312873840332},"rotation":{"x":0.6578025817871094,"y":-0.0011299019679427147,"z":0.0009867077460512519,"w":0.7531891465187073},"size":26.55948829650879,"orthographic":true}